lesson,month,title,role,task_id,summary,pdf,page,source_url
1,Сентябрь,Диагностика и запись доказательства,classroom,R-2014-10.1,17 школьных оценок и целое среднее арифметическое.,archive/vsosh/regional/2013-2014/moscow/9ae2593c18b9a9_iii-day1.pdf,2,https://olympiads.mccme.ru/vmo/2014/iii-day1.pdf
1,Сентябрь,Диагностика и запись доказательства,classroom,M-2025-2026-perm-10.2,Цвет исходной амёбы по итоговым численностям двух цветов.,archive/vsosh/municipal/2025-2026/perm/d9dd1ef085eb5e_tasks-math-10-mun-perm-25-26.pdf,1,https://tasks.olimpiada.ru/upload/files/tasks/72/2025/tasks-math-10-mun-perm-25-26.pdf
1,Сентябрь,Диагностика и запись доказательства,classroom,M-2025-2026-perm-10.4,Биссектриса в квадрате и угол PAQ.,archive/vsosh/municipal/2025-2026/perm/d9dd1ef085eb5e_tasks-math-10-mun-perm-25-26.pdf,1,https://tasks.olimpiada.ru/upload/files/tasks/72/2025/tasks-math-10-mun-perm-25-26.pdf
1,Сентябрь,Диагностика и запись доказательства,homework,R-2017-10.1,Пять натуральных сомножителей уменьшают на три.,archive/vsosh/regional/2016-2017/moscow/ffe73ee256596c_iii-day1.pdf,2,https://olympiads.mccme.ru/vmo/2017/iii-day1.pdf
2,Сентябрь,Остатки и десятичная запись,classroom,M-2025-2026-tat-10.1,"Десятизначные числа из 0 и 7, кратные 9.",archive/vsosh/municipal/2025-2026/tat/b39da1898b98f5_tasks-math-10-mun-tat-25-26.pdf,1,https://tasks.olimpiada.ru/upload/files/tasks/72/2025/tasks-math-10-mun-tat-25-26.pdf
2,Сентябрь,Остатки и десятичная запись,classroom,R-2022-10.6,Простая сумма остатков трёх последовательных нечётных чисел.,archive/vsosh/regional/2021-2022/federal/79cec42c2f0bd1_day2-all-three.pdf,2,https://vso.edsoo.ru/index.php/s/gQkkPcaC5LQkwzy/download/%D0%9C%D0%B0%D1%82%D0%B5%D0%BC%D0%B0%D1%82%D0%B8%D0%BA%D0%B0.7z
2,Сентябрь,Остатки и десятичная запись,homework,R-2013-10.1,Последняя цифра N при M=3N и заданных изменениях цифр.,archive/vsosh/regional/2012-2013/moscow/ab9932c17685fe_iii-day1.pdf,2,https://olympiads.mccme.ru/vmo/2013/iii-day1.pdf
3,Сентябрь,Чётность и инварианты,classroom,M-2025-2026-perm-10.2,Цвет исходной амёбы по итоговым численностям двух цветов.,archive/vsosh/municipal/2025-2026/perm/d9dd1ef085eb5e_tasks-math-10-mun-perm-25-26.pdf,1,https://tasks.olimpiada.ru/upload/files/tasks/72/2025/tasks-math-10-mun-perm-25-26.pdf
3,Сентябрь,Чётность и инварианты,classroom,R-2025-10.6,Табло с изменениями на 50 или 51 и ограничением 0..99.,archive/vsosh/regional/2024-2025/sverdlovsk/e87595d1af6bf7_usloviya-2-den-9-11-klass.pdf,2,https://zsfond.ru/wp-content/uploads/2025/02/usloviya-2-den-9-11-klass.pdf
3,Сентябрь,Чётность и инварианты,homework,R-2021-10.7,"Расстановка 1..81 с соседством чисел, отличающихся на три.",archive/vsosh/regional/2020-2021/moscow/4610608a0e95fa_iii-2.pdf,13,https://olympiads.mccme.ru/vmo/2021/iii-2.pdf
4,Сентябрь,Углы и вписанные четырёхугольники,classroom,M-2025-2026-novosb-10.2,Углы 60 и 45 градусов при центре описанной окружности.,archive/vsosh/municipal/2025-2026/novosb/ddb605889fec6c_tasks-math-10-mun-novosb-25-26.pdf,1,https://tasks.olimpiada.ru/upload/files/tasks/72/2025/tasks-math-10-mun-novosb-25-26.pdf
4,Сентябрь,Углы и вписанные четырёхугольники,classroom,R-2012-10.2,Два вписанных четырёхугольника в шестиугольнике.,archive/vsosh/regional/2011-2012/moscow/5fa1088f91c924_iii-day1.pdf,2,https://olympiads.mccme.ru/vmo/2012/iii-day1.pdf
4,Сентябрь,Углы и вписанные четырёхугольники,homework,R-2016-10.3,Перенос свойства вписанности при равных отрезках.,archive/vsosh/regional/2015-2016/moscow/1d3cf4382aa4fa_iii-day1.pdf,2,https://olympiads.mccme.ru/vmo/2016/iii-day1.pdf
5,Октябрь,Оценка и конструкция,classroom,R-2022-10.1,Десять различных чисел с тремя кратными 5 и четырьмя кратными 4.,archive/vsosh/regional/2021-2022/federal/04b78203db8261_day1-all-three.pdf,2,https://vso.edsoo.ru/index.php/s/gQkkPcaC5LQkwzy/download/%D0%9C%D0%B0%D1%82%D0%B5%D0%BC%D0%B0%D1%82%D0%B8%D0%BA%D0%B0.7z
5,Октябрь,Оценка и конструкция,classroom,R-2020-10.2,Два n-элементных множества с суммой n^2 обязаны пересекаться.,archive/vsosh/regional/2019-2020/moscow/e0bcdb81a64e0a_iii-day1.pdf,2,https://olympiads.mccme.ru/vmo/2020/iii-day1.pdf
5,Октябрь,Оценка и конструкция,homework,R-2021-10.1,Треугольники из трёх длинных и трёх коротких палочек.,archive/vsosh/regional/2020-2021/moscow/c9bb543200000e_iii-1.pdf,12,https://olympiads.mccme.ru/vmo/2021/iii-1.pdf
6,Октябрь,Делимость и взаимная простота,classroom,M-2025-2026-novosb-10.1,Когда 2*x^2-x-36 является квадратом простого.,archive/vsosh/municipal/2025-2026/novosb/ddb605889fec6c_tasks-math-10-mun-novosb-25-26.pdf,1,https://tasks.olimpiada.ru/upload/files/tasks/72/2025/tasks-math-10-mun-novosb-25-26.pdf
6,Октябрь,Делимость и взаимная простота,classroom,R-2013-10.6,Из 1/a+1/b=1/c следует составность a+c или b+c.,archive/vsosh/regional/2012-2013/moscow/296589f4971e9f_iii-day2.pdf,2,https://olympiads.mccme.ru/vmo/2013/iii-day2.pdf
6,Октябрь,Делимость и взаимная простота,homework,R-2014-10.2,Стозначные числа с заданными окончаниями квадрата и куба.,archive/vsosh/regional/2013-2014/moscow/9ae2593c18b9a9_iii-day1.pdf,2,https://olympiads.mccme.ru/vmo/2014/iii-day1.pdf
7,Октябрь,Выигрышные стратегии,classroom,R-2018-10.2,Игра на числах до 2018 с целью получить арифметическую прогрессию.,archive/vsosh/regional/2017-2018/moscow/a863a3fbd92d08_iii-day1.pdf,2,https://olympiads.mccme.ru/vmo/2018/iii-day1.pdf
7,Октябрь,Выигрышные стратегии,classroom,R-2020-10.3,Крестики против доминошек на доске 8x8.,archive/vsosh/regional/2019-2020/moscow/e0bcdb81a64e0a_iii-day1.pdf,2,https://olympiads.mccme.ru/vmo/2020/iii-day1.pdf
7,Октябрь,Выигрышные стратегии,homework,R-2014-10.5,Игра с коэффициентами кубического уравнения и разностью корней.,archive/vsosh/regional/2013-2014/moscow/f4c5dfd23f4f3f_iii-day2.pdf,2,https://olympiads.mccme.ru/vmo/2014/iii-day2.pdf
8,Октябрь,Дополнительные построения в геометрии,classroom,R-2015-10.6,Биссектриса прямоугольного треугольника и сумма двух отрезков.,archive/vsosh/regional/2014-2015/moscow/e7f525b51f90ad_iii-day2.pdf,2,https://olympiads.mccme.ru/vmo/2015/iii-day2.pdf
8,Октябрь,Дополнительные построения в геометрии,classroom,R-2022-10.7,Биссектриса во вписанном четырёхугольнике с углом A=2B.,archive/vsosh/regional/2021-2022/federal/79cec42c2f0bd1_day2-all-three.pdf,2,https://vso.edsoo.ru/index.php/s/gQkkPcaC5LQkwzy/download/%D0%9C%D0%B0%D1%82%D0%B5%D0%BC%D0%B0%D1%82%D0%B8%D0%BA%D0%B0.7z
8,Октябрь,Дополнительные построения в геометрии,homework,R-2023-10.8,Биссектриса параллелограмма и вписанный четырёхугольник.,archive/vsosh/regional/2022-2023/sverdlovsk/c5e52df2c6218d_usloviya-ii-tur-10-klass.pdf,1,https://zsfond.ru/wp-content/uploads/2023/02/usloviya-ii-tur-10-klass.pdf
9,Ноябрь,Графы и контрпримеры,classroom,R-2025-10.2,Добавить десять авиалиний к циклу из тридцати городов.,archive/vsosh/regional/2024-2025/sverdlovsk/81517167987d67_usloviya-1-den-9-11-klass.pdf,2,https://zsfond.ru/wp-content/uploads/2025/02/usloviya-1-den-9-11-klass.pdf
9,Ноябрь,Графы и контрпримеры,classroom,M-2025-2026-novosb-10.5,Паросочетание в трёхрегулярном графе на 16 школьниках.,archive/vsosh/municipal/2025-2026/novosb/ddb605889fec6c_tasks-math-10-mun-novosb-25-26.pdf,1,https://tasks.olimpiada.ru/upload/files/tasks/72/2025/tasks-math-10-mun-novosb-25-26.pdf
9,Ноябрь,Графы и контрпримеры,homework,R-2014-10.8,Дополнение фишек до чётности каждой строки и столбца.,archive/vsosh/regional/2013-2014/moscow/f4c5dfd23f4f3f_iii-day2.pdf,2,https://olympiads.mccme.ru/vmo/2014/iii-day2.pdf
10,Ноябрь,Двойной подсчёт,classroom,MOSH-2020-10.2,Доля фильмов с не менее чем двумя зрителями-мужчинами.,archive/mosh/main/2019-2020/moscow/eb2a3398d4db43_mmo2020-var10.pdf,1,https://mmo.mccme.ru/2020/mmo2020-var10.pdf
10,Ноябрь,Двойной подсчёт,classroom,M-2025-2026-tat-10.4,Минимум однородных троек в компании из девяти человек.,archive/vsosh/municipal/2025-2026/tat/b39da1898b98f5_tasks-math-10-mun-tat-25-26.pdf,1,https://tasks.olimpiada.ru/upload/files/tasks/72/2025/tasks-math-10-mun-tat-25-26.pdf
10,Ноябрь,Двойной подсчёт,homework,R-2023-10.9,Разные расстояния между соседними одноцветными столбами.,archive/vsosh/regional/2022-2023/sverdlovsk/c5e52df2c6218d_usloviya-ii-tur-10-klass.pdf,1,https://zsfond.ru/wp-content/uploads/2023/02/usloviya-ii-tur-10-klass.pdf
11,Ноябрь,Муниципальный учебный тур,classroom,M-2024-2025-perm-10.2,"Может ли треугольник иметь высоты 1,2,3.",archive/vsosh/municipal/2024-2025/perm/1e7abb0ccd5518_tasks-math-10-mun-perm-24-25.pdf,1,https://tasks.olimpiada.ru/upload/files/tasks/72/2024/tasks-math-10-mun-perm-24-25.pdf
11,Ноябрь,Муниципальный учебный тур,classroom,M-2024-2025-perm-10.4,Кратное 2024 с наименьшей суммой цифр.,archive/vsosh/municipal/2024-2025/perm/1e7abb0ccd5518_tasks-math-10-mun-perm-24-25.pdf,1,https://tasks.olimpiada.ru/upload/files/tasks/72/2024/tasks-math-10-mun-perm-24-25.pdf
11,Ноябрь,Муниципальный учебный тур,classroom,M-2024-2025-perm-10.5,"Открыть трёхзначный замок из цифр 1,2,3 меньше чем за 30 секунд.",archive/vsosh/municipal/2024-2025/perm/1e7abb0ccd5518_tasks-math-10-mun-perm-24-25.pdf,1,https://tasks.olimpiada.ru/upload/files/tasks/72/2024/tasks-math-10-mun-perm-24-25.pdf
11,Ноябрь,Муниципальный учебный тур,homework,M-2024-2025-perm-10.1,Одна большая пицца или 25 маленьких из одного квадратного листа.,archive/vsosh/municipal/2024-2025/perm/1e7abb0ccd5518_tasks-math-10-mun-perm-24-25.pdf,1,https://tasks.olimpiada.ru/upload/files/tasks/72/2024/tasks-math-10-mun-perm-24-25.pdf
11,Ноябрь,Муниципальный учебный тур,homework,M-2024-2025-perm-10.3,"Два прямолинейных движения с равным расстоянием в моменты 0,T.",archive/vsosh/municipal/2024-2025/perm/1e7abb0ccd5518_tasks-math-10-mun-perm-24-25.pdf,1,https://tasks.olimpiada.ru/upload/files/tasks/72/2024/tasks-math-10-mun-perm-24-25.pdf
12,Ноябрь,Крайний элемент и исправление ошибок,classroom,R-2011-10.6,"Конечный набор, замкнутый относительно суммы трёх чисел.",archive/vsosh/regional/2010-2011/moscow/60fbdeaa08db78_iii-2.pdf,8,https://olympiads.mccme.ru/vmo/2011/iii-2.pdf
12,Ноябрь,Крайний элемент и исправление ошибок,classroom,R-2024-10.4,Подряд идущий блок перестановки 1..1000 с суммой в заданном интервале.,archive/vsosh/regional/2023-2024/sverdlovsk/68cebd691fc652_10-klass-zadanie-1-tura.pdf,1,https://zsfond.ru/wp-content/uploads/2024/02/10-klass-zadanie-1-tura.pdf
12,Ноябрь,Крайний элемент и исправление ошибок,homework,R-2023-10.3,Общий участник любых 30 олимпиад должен участвовать во всех 50.,archive/vsosh/regional/2022-2023/sverdlovsk/494b34508ef0c4_usloviya-i-tur-10-klass.pdf,1,https://zsfond.ru/wp-content/uploads/2023/02/usloviya-i-tur-10-klass.pdf
13,Декабрь,Показатели простых делителей,classroom,R-2023-10.6,Может ли НОК чисел до m увеличиться ровно в четыре раза.,archive/vsosh/regional/2022-2023/sverdlovsk/c5e52df2c6218d_usloviya-ii-tur-10-klass.pdf,1,https://zsfond.ru/wp-content/uploads/2023/02/usloviya-ii-tur-10-klass.pdf
13,Декабрь,Показатели простых делителей,classroom,R-2021-10.3,Бесконечность множества с соотношением a=b*(3c-5)/15.,archive/vsosh/regional/2020-2021/moscow/c9bb543200000e_iii-1.pdf,13,https://olympiads.mccme.ru/vmo/2021/iii-1.pdf
13,Декабрь,Показатели простых делителей,homework,R-2010-10.4,Числа b с импликацией b^2 делит a^5 -> b делит a^2.,archive/vsosh/regional/2009-2010/moscow/822eaa1cef6f8d_1.pdf,2,https://olympiads.mccme.ru/vmo/2010/1.pdf
14,Декабрь,Рекуррентные последовательности и индукция,classroom,MOSH-2015-10.1,Квадраты разностей в последовательности произведение плюс один.,archive/mosh/main/2014-2015/moscow/6923eaeb74e728_78mmo.pdf,7,https://mmo.mccme.ru/2015/78mmo.pdf
14,Декабрь,Рекуррентные последовательности и индукция,classroom,R-2017-10.6,Суммы квадратов и рост числа различных простых делителей.,archive/vsosh/regional/2016-2017/moscow/84f55674260a16_iii-day2.pdf,2,https://olympiads.mccme.ru/vmo/2017/iii-day2.pdf
14,Декабрь,Рекуррентные последовательности и индукция,homework,R-2012-10.3,Целочисленность рекуррентной последовательности через среднее.,archive/vsosh/regional/2011-2012/moscow/5fa1088f91c924_iii-day1.pdf,2,https://olympiads.mccme.ru/vmo/2012/iii-day1.pdf
15,Декабрь,Симметрия и центры окружностей,classroom,R-2015-10.3,"Биссектриса, серединный перпендикуляр и касание окружности.",archive/vsosh/regional/2014-2015/moscow/dfd286357b017d_iii-day1.pdf,2,https://olympiads.mccme.ru/vmo/2015/iii-day1.pdf
15,Декабрь,Симметрия и центры окружностей,classroom,R-2018-10.4,Центр окружности BXP на окружности ABO.,archive/vsosh/regional/2017-2018/moscow/a863a3fbd92d08_iii-day1.pdf,2,https://olympiads.mccme.ru/vmo/2018/iii-day1.pdf
15,Декабрь,Симметрия и центры окружностей,homework,R-2019-10.8,Диаметр окружности через середины двух отрезков основания.,archive/vsosh/regional/2018-2019/moscow/0b54e710ef4b25_iii-day2.pdf,2,https://olympiads.mccme.ru/vmo/2019/iii-day2.pdf
16,Январь,Многочлены и короткие полные решения,classroom,R-2025-10.1,Свободный член трёхчлена по значению на сумме корней.,archive/vsosh/regional/2024-2025/sverdlovsk/81517167987d67_usloviya-1-den-9-11-klass.pdf,2,https://zsfond.ru/wp-content/uploads/2025/02/usloviya-1-den-9-11-klass.pdf
16,Январь,Многочлены и короткие полные решения,classroom,R-2016-10.1,Циклическая сумма значений трёхчленов на чужих корнях.,archive/vsosh/regional/2015-2016/moscow/1d3cf4382aa4fa_iii-day1.pdf,2,https://olympiads.mccme.ru/vmo/2016/iii-day1.pdf
16,Январь,Многочлены и короткие полные решения,homework,MOSH-2017-10.1,Прибавление единицы ко всем коэффициентам и обоим корням.,archive/mosh/main/2016-2017/moscow/7b31306712e89c_80mmo.pdf,7,https://mmo.mccme.ru/2017/80mmo.pdf
17,Январь,Региональный учебный тур первый день,classroom,R-2026-10.1,Перестановка шести последовательных чисел для целой суммы дробей.,archive/vsosh/regional/2025-2026/moscow/b25fd7563997dd_iii-day1.pdf,3,https://olympiads.mccme.ru/vmo/2026/iii-day1.pdf
17,Январь,Региональный учебный тур первый день,classroom,R-2026-10.2,Сравнение доминошечных покрытий и наборов окрашенных границ.,archive/vsosh/regional/2025-2026/moscow/b25fd7563997dd_iii-day1.pdf,3,https://olympiads.mccme.ru/vmo/2026/iii-day1.pdf
17,Январь,Региональный учебный тур первый день,classroom,R-2026-10.3,Периметр пятиугольника из середин отрезков к центрам окружностей.,archive/vsosh/regional/2025-2026/moscow/b25fd7563997dd_iii-day1.pdf,3,https://olympiads.mccme.ru/vmo/2026/iii-day1.pdf
17,Январь,Региональный учебный тур первый день,classroom,R-2026-10.4,Может ли (a-1)*(b-1)*(c-1) для делителей n делиться на n^2.,archive/vsosh/regional/2025-2026/moscow/b25fd7563997dd_iii-day1.pdf,3,https://olympiads.mccme.ru/vmo/2026/iii-day1.pdf
17,Январь,Региональный учебный тур первый день,classroom,R-2026-10.5,"Поиск кольца с ответами, среди которых не бывает двух лжей подряд.",archive/vsosh/regional/2025-2026/moscow/b25fd7563997dd_iii-day1.pdf,3,https://olympiads.mccme.ru/vmo/2026/iii-day1.pdf
18,Январь,Региональный учебный тур второй день,classroom,R-2026-10.6,Восемь последовательных сумм противоположных пар из 16 последовательных чисел.,archive/vsosh/regional/2025-2026/moscow/9c932d5166b11c_iii-day2.pdf,3,https://olympiads.mccme.ru/vmo/2026/iii-day2.pdf
18,Январь,Региональный учебный тур второй день,classroom,R-2026-10.7,Касательная к единичной окружности и прямоугольный треугольник из коэффициентов.,archive/vsosh/regional/2025-2026/moscow/9c932d5166b11c_iii-day2.pdf,3,https://olympiads.mccme.ru/vmo/2026/iii-day2.pdf
18,Январь,Региональный учебный тур второй день,classroom,R-2026-10.8,"Максимум рёбер графа, где степени соседей отличаются на один.",archive/vsosh/regional/2025-2026/moscow/9c932d5166b11c_iii-day2.pdf,3,https://olympiads.mccme.ru/vmo/2026/iii-day2.pdf
18,Январь,Региональный учебный тур второй день,classroom,R-2026-10.9,Отражения центра окружности и касание двух новых окружностей.,archive/vsosh/regional/2025-2026/moscow/9c932d5166b11c_iii-day2.pdf,3,https://olympiads.mccme.ru/vmo/2026/iii-day2.pdf
18,Январь,Региональный учебный тур второй день,classroom,R-2026-10.10,Кубический целый многочлен с корнями-квадратами принимает по модулю квадрат.,archive/vsosh/regional/2025-2026/moscow/9c932d5166b11c_iii-day2.pdf,3,https://olympiads.mccme.ru/vmo/2026/iii-day2.pdf
19,Февраль,Разбор региональных туров и доказательства,classroom,R-2026-10.2,Сравнение доминошечных покрытий и наборов окрашенных границ.,archive/vsosh/regional/2025-2026/moscow/b25fd7563997dd_iii-day1.pdf,3,https://olympiads.mccme.ru/vmo/2026/iii-day1.pdf
19,Февраль,Разбор региональных туров и доказательства,classroom,R-2026-10.4,Может ли (a-1)*(b-1)*(c-1) для делителей n делиться на n^2.,archive/vsosh/regional/2025-2026/moscow/b25fd7563997dd_iii-day1.pdf,3,https://olympiads.mccme.ru/vmo/2026/iii-day1.pdf
19,Февраль,Разбор региональных туров и доказательства,classroom,R-2026-10.8,"Максимум рёбер графа, где степени соседей отличаются на один.",archive/vsosh/regional/2025-2026/moscow/9c932d5166b11c_iii-day2.pdf,3,https://olympiads.mccme.ru/vmo/2026/iii-day2.pdf
20,Февраль,Раскраски и арифметические инварианты,classroom,MOSH-2012-10.2,Переключение знаков целых строк и столбцов не более чем за n ходов.,archive/mosh/main/2011-2012/moscow/ec4f319a466a44_75mmo.pdf,8,https://mmo.mccme.ru/2012/75mmo.pdf
20,Февраль,Раскраски и арифметические инварианты,classroom,R-2012-10.7,Перекрашивание квадратов 2x2 в цикле из трёх цветов.,archive/vsosh/regional/2011-2012/moscow/0b788b9b3656b7_iii-day2.pdf,2,https://olympiads.mccme.ru/vmo/2012/iii-day2.pdf
20,Февраль,Раскраски и арифметические инварианты,homework,MOSH-2020-10.5,Замена пар целых чисел на сумму и разность.,archive/mosh/main/2019-2020/moscow/eb2a3398d4db43_mmo2020-var10.pdf,1,https://mmo.mccme.ru/2020/mmo2020-var10.pdf
21,Февраль,Площади и проекции,classroom,R-2020-10.5,Диаметр вписанной окружности и расстояние между серединами сторон.,archive/vsosh/regional/2019-2020/moscow/e0bcdb81a64e0a_iii-day1.pdf,2,https://olympiads.mccme.ru/vmo/2020/iii-day1.pdf
21,Февраль,Площади и проекции,classroom,R-2019-10.8,Диаметр окружности через середины двух отрезков основания.,archive/vsosh/regional/2018-2019/moscow/0b54e710ef4b25_iii-day2.pdf,2,https://olympiads.mccme.ru/vmo/2019/iii-day2.pdf
21,Февраль,Площади и проекции,homework,MOSH-2019-10.2,Равные расстояния от оснований высот до прямых через центр окружности.,archive/mosh/main/2018-2019/moscow/eaa8090702289a_mmo2019-var10.pdf,1,https://mmo.mccme.ru/2019/mmo2019-var10.pdf
22,Февраль,Графовые конструкции для МОШ,classroom,MOSH-2024-10.3,Минимум членов клуба при сравнении знакомств и посещений.,archive/mosh/main/2023-2024/moscow/07221a49c39cc0_mmo2024-var10.pdf,1,https://mmo.mccme.ru/2024/mmo2024-var10.pdf
22,Февраль,Графовые конструкции для МОШ,classroom,MOSH-2025-10.3,Переключение дружбы рыцаря и две враждующие пятёрки.,archive/mosh/main/2024-2025/moscow/97b8ea0c522871_mmo2025-var10.pdf,1,https://mmo.mccme.ru/2025/mmo2025-var10.pdf
22,Февраль,Графовые конструкции для МОШ,homework,MOSH-2014-10.2,"Снять минимум рубашек двух цветов, чтобы каждый цвет висел подряд.",archive/mosh/main/2013-2014/moscow/8b1f20ac803264_77mmo.pdf,7,https://mmo.mccme.ru/2014/77mmo.pdf
23,Март,Теория чисел в задачах МОШ,classroom,MOSH-2023-10.1,Четыре целых числа с равенством суммы и циклических произведений плюс один.,archive/mosh/main/2022-2023/moscow/4b8d9ee4deb508_mmo2023-var10.pdf,1,https://mmo.mccme.ru/2023/mmo2023-var10.pdf
23,Март,Теория чисел в задачах МОШ,classroom,MOSH-2022-10.1,"Максимум n, для которого n-p просто для каждого нечётного простого p<n.",archive/mosh/main/2021-2022/moscow/3adddc9e2c0c8c_mmo2022-var10.pdf,1,https://mmo.mccme.ru/2022/mmo2022-var10.pdf
23,Март,Теория чисел в задачах МОШ,homework,MOSH-2021-10.1,Минимум числа с делимостью после удаления первой и последней цифр.,archive/mosh/main/2020-2021/moscow/9f9c82f9b5b55c_mmo2021-var10.pdf,1,https://mmo.mccme.ru/2021/mmo2021-var10.pdf
24,Март,Касательные и подобие в задачах МОШ,classroom,MOSH-2022-10.2,Касательная к окружности треугольника и окружность через середины сторон.,archive/mosh/main/2021-2022/moscow/3adddc9e2c0c8c_mmo2022-var10.pdf,1,https://mmo.mccme.ru/2022/mmo2022-var10.pdf
24,Март,Касательные и подобие в задачах МОШ,classroom,MOSH-2023-10.3,Хорда на средней линии и окружность через точки касания вневписанной окружности.,archive/mosh/main/2022-2023/moscow/4b8d9ee4deb508_mmo2023-var10.pdf,1,https://mmo.mccme.ru/2023/mmo2023-var10.pdf
24,Март,Касательные и подобие в задачах МОШ,homework,MOSH-2014-10.3,Середина и четверть стороны в конфигурации с описанной окружностью.,archive/mosh/main/2013-2014/moscow/8b1f20ac803264_77mmo.pdf,8,https://mmo.mccme.ru/2014/77mmo.pdf
25,Март,Учебный тур МОШ,classroom,MOSH-2026-10.1,Диаметр и две равноудалённые точки на стороне треугольника.,archive/mosh/main/2025-2026/moscow/beaceb3346fcde_mmo2026-var10.pdf,1,https://mmo.mccme.ru/2026/mmo2026-var10.pdf
25,Март,Учебный тур МОШ,classroom,MOSH-2026-10.2,Целые корни после увеличения каждого коэффициента на один.,archive/mosh/main/2025-2026/moscow/beaceb3346fcde_mmo2026-var10.pdf,1,https://mmo.mccme.ru/2026/mmo2026-var10.pdf
25,Март,Учебный тур МОШ,classroom,MOSH-2026-10.3,Гарантия разноцветных пар шариков при скрытых обменах.,archive/mosh/main/2025-2026/moscow/beaceb3346fcde_mmo2026-var10.pdf,1,https://mmo.mccme.ru/2026/mmo2026-var10.pdf
25,Март,Учебный тур МОШ,classroom,MOSH-2026-10.4,Трисекция стороны и неравенство длин при пяти равных углах.,archive/mosh/main/2025-2026/moscow/beaceb3346fcde_mmo2026-var10.pdf,1,https://mmo.mccme.ru/2026/mmo2026-var10.pdf
25,Март,Учебный тур МОШ,classroom,MOSH-2026-10.5,Различные простые делители для последовательных чисел.,archive/mosh/main/2025-2026/moscow/beaceb3346fcde_mmo2026-var10.pdf,1,https://mmo.mccme.ru/2026/mmo2026-var10.pdf
25,Март,Учебный тур МОШ,classroom,MOSH-2026-10.6,Минимальная степень симметрического многочлена с конечным набором решений.,archive/mosh/main/2025-2026/moscow/beaceb3346fcde_mmo2026-var10.pdf,1,https://mmo.mccme.ru/2026/mmo2026-var10.pdf
26,Март,Разбор МОШ и улучшение письменного решения,classroom,MOSH-2026-10.1,Диаметр и две равноудалённые точки на стороне треугольника.,archive/mosh/main/2025-2026/moscow/beaceb3346fcde_mmo2026-var10.pdf,1,https://mmo.mccme.ru/2026/mmo2026-var10.pdf
26,Март,Разбор МОШ и улучшение письменного решения,classroom,MOSH-2026-10.2,Целые корни после увеличения каждого коэффициента на один.,archive/mosh/main/2025-2026/moscow/beaceb3346fcde_mmo2026-var10.pdf,1,https://mmo.mccme.ru/2026/mmo2026-var10.pdf
26,Март,Разбор МОШ и улучшение письменного решения,classroom,MOSH-2026-10.3,Гарантия разноцветных пар шариков при скрытых обменах.,archive/mosh/main/2025-2026/moscow/beaceb3346fcde_mmo2026-var10.pdf,1,https://mmo.mccme.ru/2026/mmo2026-var10.pdf
27,Апрель,Изменения с ограниченным шагом,classroom,MOSH-2018-10.2,Промежуточный квадрат 10x10 между белым и чёрным.,archive/mosh/main/2017-2018/moscow/824ddd95b013f4_81mmo.pdf,8,https://mmo.mccme.ru/2018/81mmo.pdf
27,Апрель,Изменения с ограниченным шагом,classroom,R-2024-10.4,Подряд идущий блок перестановки 1..1000 с суммой в заданном интервале.,archive/vsosh/regional/2023-2024/sverdlovsk/68cebd691fc652_10-klass-zadanie-1-tura.pdf,1,https://zsfond.ru/wp-content/uploads/2024/02/10-klass-zadanie-1-tura.pdf
27,Апрель,Изменения с ограниченным шагом,homework,MOSH-2021-10.3,Десять камней и достижимость клетки 1000.,archive/mosh/main/2020-2021/moscow/9f9c82f9b5b55c_mmo2021-var10.pdf,1,https://mmo.mccme.ru/2021/mmo2021-var10.pdf
28,Апрель,Бесконечный спуск на решётке,classroom,MOSH-2022-10.3,Середина пары узлов квадратной и шестиугольной сетки.,archive/mosh/main/2021-2022/moscow/3adddc9e2c0c8c_mmo2022-var10.pdf,1,https://mmo.mccme.ru/2022/mmo2022-var10.pdf
28,Апрель,Бесконечный спуск на решётке,classroom,R-2025-10.4,Конечные узлы сетки с равноудалённой точкой для каждой пары.,archive/vsosh/regional/2024-2025/sverdlovsk/81517167987d67_usloviya-1-den-9-11-klass.pdf,2,https://zsfond.ru/wp-content/uploads/2025/02/usloviya-1-den-9-11-klass.pdf
28,Апрель,Бесконечный спуск на решётке,homework,MOSH-2016-10.4,"Целые числа на белых клетках и разности произведений, равные единице.",archive/mosh/main/2015-2016/moscow/3d566aea441cf2_79mmo.pdf,7,https://mmo.mccme.ru/2016/79mmo.pdf
29,Апрель,Подсчёт через соответствие,classroom,MOSH-2013-10.2,Число отважных детей при вставках в ряд до чередования полов.,archive/mosh/main/2012-2013/moscow/6b41bc18afcdbe_76mmo.pdf,9,https://mmo.mccme.ru/2013/76mmo.pdf
29,Апрель,Подсчёт через соответствие,classroom,R-2012-10.4,Разность числа чётных и нечётных паросочетаний на окружности.,archive/vsosh/regional/2011-2012/moscow/5fa1088f91c924_iii-day1.pdf,2,https://olympiads.mccme.ru/vmo/2012/iii-day1.pdf
29,Апрель,Подсчёт через соответствие,homework,MOSH-2019-10.6,"Доминошечные червяки и числа, взаимно простые с n.",archive/mosh/main/2018-2019/moscow/eaa8090702289a_mmo2019-var10.pdf,1,https://mmo.mccme.ru/2019/mmo2019-var10.pdf
30,Апрель,Информация и стратегии вопросов,classroom,R-2020-10.10,Определение одного из двух скрытых многочленов по ответам.,archive/vsosh/regional/2019-2020/moscow/2e887ae52d5be7_iii-day2.pdf,2,https://olympiads.mccme.ru/vmo/2020/iii-day2.pdf
30,Апрель,Информация и стратегии вопросов,classroom,R-2021-10.9,Карточный фокус с поиском карт 1 и 2 по двум вскрытиям.,archive/vsosh/regional/2020-2021/moscow/4610608a0e95fa_iii-2.pdf,15,https://olympiads.mccme.ru/vmo/2021/iii-2.pdf
30,Апрель,Информация и стратегии вопросов,homework,MOSH-2015-10.4,Император изгоняет злых волшебников с не более чем одной ошибкой.,archive/mosh/main/2014-2015/moscow/6923eaeb74e728_78mmo.pdf,5,https://mmo.mccme.ru/2015/78mmo.pdf
31,Май,Геометрические неравенства,classroom,R-2024-10.5,Периметр четырёх центров вписанных окружностей и сумма радиусов.,archive/vsosh/regional/2023-2024/sverdlovsk/68cebd691fc652_10-klass-zadanie-1-tura.pdf,1,https://zsfond.ru/wp-content/uploads/2024/02/10-klass-zadanie-1-tura.pdf
31,Май,Геометрические неравенства,classroom,R-2018-10.10,Сравнение периметров в треугольнике с углами 30 градусов.,archive/vsosh/regional/2017-2018/moscow/aae8f652a0d229_iii-day2.pdf,2,https://olympiads.mccme.ru/vmo/2018/iii-day2.pdf
31,Май,Геометрические неравенства,homework,R-2025-10.5,Ортоцентры двух треугольников и геометрическое неравенство.,archive/vsosh/regional/2024-2025/sverdlovsk/81517167987d67_usloviya-1-den-9-11-klass.pdf,2,https://zsfond.ru/wp-content/uploads/2025/02/usloviya-1-den-9-11-klass.pdf
32,Май,Смешанные задачи алгебры и теории чисел,classroom,R-2022-10.4,Симметричные целые коэффициенты и квадратный делитель P(2022).,archive/vsosh/regional/2021-2022/federal/04b78203db8261_day1-all-three.pdf,2,https://vso.edsoo.ru/index.php/s/gQkkPcaC5LQkwzy/download/%D0%9C%D0%B0%D1%82%D0%B5%D0%BC%D0%B0%D1%82%D0%B8%D0%BA%D0%B0.7z
32,Май,Смешанные задачи алгебры и теории чисел,classroom,R-2020-10.8,Последовательные натуральные коэффициенты трёхчленов с целыми корнями.,archive/vsosh/regional/2019-2020/moscow/2e887ae52d5be7_iii-day2.pdf,2,https://olympiads.mccme.ru/vmo/2020/iii-day2.pdf
32,Май,Смешанные задачи алгебры и теории чисел,homework,MOSH-2025-10.4,Делимость f(p^k) для всех простых p без делимости f(m).,archive/mosh/main/2024-2025/moscow/97b8ea0c522871_mmo2025-var10.pdf,1,https://mmo.mccme.ru/2025/mmo2025-var10.pdf
33,Май,Итоговый смешанный учебный тур,classroom,R-2018-10.6,Нужное целое значение среди дробей k/(n-k).,archive/vsosh/regional/2017-2018/moscow/aae8f652a0d229_iii-day2.pdf,2,https://olympiads.mccme.ru/vmo/2018/iii-day2.pdf
33,Май,Итоговый смешанный учебный тур,classroom,R-2019-10.3,Максимум иррациональных чисел в переставленных строках с рациональными суммами.,archive/vsosh/regional/2018-2019/moscow/209d3bd3a6ea3f_iii-day1.pdf,2,https://olympiads.mccme.ru/vmo/2019/iii-day1.pdf
33,Май,Итоговый смешанный учебный тур,classroom,R-2010-10.3,Биссектрисы и серединный перпендикуляр дают четыре точки на окружности.,archive/vsosh/regional/2009-2010/moscow/822eaa1cef6f8d_1.pdf,2,https://olympiads.mccme.ru/vmo/2010/1.pdf
33,Май,Итоговый смешанный учебный тур,classroom,R-2022-10.3,Группы конфет с обязательным сортом ровно из десяти штук.,archive/vsosh/regional/2021-2022/federal/04b78203db8261_day1-all-three.pdf,2,https://vso.edsoo.ru/index.php/s/gQkkPcaC5LQkwzy/download/%D0%9C%D0%B0%D1%82%D0%B5%D0%BC%D0%B0%D1%82%D0%B8%D0%BA%D0%B0.7z
34,Май,Итоговый разбор и личная карта методов,classroom,R-2018-10.6,Нужное целое значение среди дробей k/(n-k).,archive/vsosh/regional/2017-2018/moscow/aae8f652a0d229_iii-day2.pdf,2,https://olympiads.mccme.ru/vmo/2018/iii-day2.pdf
34,Май,Итоговый разбор и личная карта методов,classroom,R-2019-10.3,Максимум иррациональных чисел в переставленных строках с рациональными суммами.,archive/vsosh/regional/2018-2019/moscow/209d3bd3a6ea3f_iii-day1.pdf,2,https://olympiads.mccme.ru/vmo/2019/iii-day1.pdf
34,Май,Итоговый разбор и личная карта методов,classroom,R-2010-10.3,Биссектрисы и серединный перпендикуляр дают четыре точки на окружности.,archive/vsosh/regional/2009-2010/moscow/822eaa1cef6f8d_1.pdf,2,https://olympiads.mccme.ru/vmo/2010/1.pdf
34,Май,Итоговый разбор и личная карта методов,classroom,R-2022-10.3,Группы конфет с обязательным сортом ровно из десяти штук.,archive/vsosh/regional/2021-2022/federal/04b78203db8261_day1-all-three.pdf,2,https://vso.edsoo.ru/index.php/s/gQkkPcaC5LQkwzy/download/%D0%9C%D0%B0%D1%82%D0%B5%D0%BC%D0%B0%D1%82%D0%B8%D0%BA%D0%B0.7z
